Label,Value
268,1.22695
34,1.07888
242,1.08415
26,1.15334
278,1.17676
219,1.10728
