Label,Value
268,1.89778
34,1.5472
242,1.82168
26,1.8171
278,1.71868
219,1.35612
