Label,Value
141,1.33049
59,1.94568
