Label,Value
141,1.59181
59,2.16925
