Label,Value
309,2.22705
299,3.82339
471,2.75565
