Label,Value
309,1.66768
299,3.38863
471,2.24806
