Label,Value
309,0
299,7.44787
471,3.54365
