Label,Value
16,1.26893
418,1.34718
355,1.41173
295,1.56026
399,1.48845
