Label,Value
20,1.41979
22,1.23887
46,1.30999
77,1.04466
