Label,Value
20,2.01155
22,1.82289
46,1.54009
77,1.4687
