Label,Value
532,1.16556
468,1.19905
380,1.13944
434,1.11939
505,1.21059
531,1.0443
