Label,Value
532,1.21767
468,1.4731
380,1.23104
434,1.20692
505,1.27228
531,1.20158
