Label,Value
4652,2.59083
4518,1.67371
4293,1.44433
4637,2.94381
