Label,Value
4652,3.17334
4518,1.7697
4293,1.5433
4637,3.46584
