Label,Value
344,1.21058
20,1.41979
396,1.04284
236,1.16778
218,1.06702
22,1.23887
46,1.30999
286,1.02347
193,1.10776
77,1.04466
371,1.17579
139,1.38241
423,1.02169
