Label,Value
344,1.4914
20,2.01155
396,1.30544
236,1.65556
218,1.80018
22,1.82289
46,1.54009
286,1.40456
193,2.05711
77,1.4687
371,1.46234
139,1.60505
423,1.09095
