Label,Value
1254,1.71906
1334,1.07389
734,1.41355
3557,1.0785
1379,1.16934
4435,1.04088
