Label,Value
1254,2.36218
1334,1.627
734,1.49504
3557,1.32911
1379,1.23998
4435,1.51969
