Label,Value
1586,1.08092
2346,1.24673
630,1.06787
894,1.04254
2089,1.17589
