Label,Value
1586,1.76526
2346,1.79984
630,1.75301
894,1.29317
2089,1.29035
