Label,Value
3936,1.9989
3480,1.38112
3634,1.59314
3473,1.52436
3497,1.62143
3717,1.87544
3859,1.90632
