Label,Value
3936,1.07173
3480,1.14376
3634,1.19765
3473,1.31977
3497,1.21973
3717,1.13327
3859,1.06699
