Label,Value
1586,1.76526
630,1.75301
894,1.29317
2089,1.29035
