Label,Value
1586,0
630,3.32601
894,8.21063
2089,0
