Label,Value
1254,2.36218
734,1.49504
