Label,Value
1254,1.71905
734,1.41355
