Label,Value
16,1.09974
418,1.17898
355,1.13334
295,1.19573
399,1.13314
