Label,Value
1122,2.08796
1094,1.69688
1197,1.40099
429,1.59372
941,1.89233
493,1.38628
