Label,Value
872,1.42557
1122,1.09531
1094,1.2545
1197,1.18828
429,1.19197
941,1.22822
493,1.12814
323,1.46835
