Label,Value
4340,1.14676
4557,2.06464
4167,1.16167
