Label,Value
320,1.04044
204,1.10339
252,1.20622
1426,1.17682
2290,1.09399
485,1.24855
3115,1.15159
1615,1.10828
