Label,Value
320,1.34606
204,1.42807
252,1.26054
1426,1.29273
2290,1.60009
485,1.7524
3115,1.37367
1615,1.33427
