Label,Value
8,1.80838
40,1.35778
2,2.00733
3,1.84093
19,2.23972
7,1.8583
