Label,Value
8,1.25577
40,1.16018
2,1.14868
3,1.19379
19,1.50357
7,1.21369
