Label,Value
144,4.92915
376,17.4565
404,27.4209
124,13.1623
394,0
302,21.8907
65,9.40627
