Label,Value
2536,1.11751
780,1.10663
2300,1.12736
145,1.17199
201,1.28319
