Label,Value
2400,1.91838
120,2.45139
598,2.2715
1477,1.52213
