Label,Value
240,1.14935
532,1.16556
468,1.19905
380,1.13944
18,1.54869
434,1.11939
505,1.21059
61,1.24457
531,1.0443
23,1.61684
151,1.26317
343,1.16129
