Label,Value
240,1.3022
532,1.21767
468,1.4731
380,1.23104
18,1.82777
434,1.20692
505,1.27228
61,1.74417
531,1.20158
23,1.83364
151,1.48102
343,1.37731
