Label,Value
1840,1.36179
1937,1.42824
2039,1.21208
