Label,Value
1840,1.46024
1937,2.17949
2039,1.90879
