Label,Value
12,1.21421
426,1.23697
358,1.21987
289,1.15015
299,1.40984
