Label,Value
352,1.61705
148,1.79345
137,1.86385
115,2.35974
