Label,Value
352,1.21316
148,1.65172
137,1.53104
115,1.50418
