Label,Value
3656,1.26539
3937,1.56649
4057,1.67486
3701,1.27427
3659,1.41345
3787,1.39663
