Label,Value
3656,1.09601
3937,1.05379
4057,1.04578
3701,1.02973
3659,1.19488
3787,1.20462
