Label,Value
776,1.2104
360,1.16783
216,1.70304
316,1.43077
194,1.63389
634,1.13303
702,1.04143
245,1.45922
541,1.06779
467,1.37395
871,1.17076
