Label,Value
776,1.36342
360,1.51742
216,1.93592
316,1.53729
194,2.26186
634,1.52965
702,1.26302
245,1.68166
541,1.57135
467,1.65352
871,1.27909
