Label,Value
216,1.70304
316,1.43077
194,1.63389
245,1.45922
