Label,Value
216,1.93592
316,1.53729
194,2.26186
245,1.68166
