Label,Value
268,1.89778
34,1.5472
242,1.82169
26,1.8171
278,1.71868
309,2.22705
299,3.82339
219,1.35612
471,2.75565
