Label,Value
1500,1.1757
1602,1.21722
1186,1.15417
1571,1.27046
1611,1.3316
1387,1.06507
