Label,Value
1500,2.12798
1602,1.5509
1186,1.6541
1571,1.55951
1611,1.79173
1387,1.85889
