Label,Value
1500,8.21523
1602,18.2987
1186,0
1571,12.924
1611,23.8834
1387,4.58829
