Label,Value
320,1.04044
4276,2.14575
204,1.10339
252,1.20622
1426,1.17682
2290,1.09399
485,1.24855
2165,1.62782
1123,1.20674
3115,1.15159
1615,1.10828
511,1.75087
