Label,Value
320,1.34606
4276,2.22126
204,1.42807
252,1.26054
1426,1.29273
2290,1.60009
485,1.7524
2165,2.10535
1123,1.60245
3115,1.37367
1615,1.33427
511,1.89067
