Label,Value
872,1.87761
323,1.88254
