Label,Value
872,1.42557
323,1.46835
