Label,Value
4056,1.3887
4466,1.80264
4678,1.92257
4801,1.88262
