Label,Value
4056,1.07676
4466,1.54293
4678,1.51141
4801,1.27283
