Label,Value
3936,1.99891
3480,1.38112
4056,1.3887
3634,1.59314
4466,1.80264
4678,1.92257
4801,1.88262
3473,1.52436
3497,1.62143
3717,1.87544
3859,1.90632
