Label,Value
3936,1.07173
3480,1.14376
4056,1.07676
3634,1.19765
4466,1.54293
4678,1.51141
4801,1.27283
3473,1.31977
3497,1.21973
3717,1.13327
3859,1.06699
