Label,Value
144,1.27626
376,1.81351
124,1.81037
394,1.25712
302,1.76108
65,1.83617
