Label,Value
144,1.08776
376,1.20162
124,1.08801
394,1.06683
302,1.18555
65,1.0691
