Label,Value
8,1.25577
40,1.16018
2,1.14868
382,1.16938
409,1.08816
213,1.13433
3,1.19379
19,1.50357
147,1.21528
7,1.21369
103,1.08492
343,1.12562
287,1.05004
