Label,Value
8,1.80838
40,1.35778
2,2.00733
382,1.51603
409,1.36474
213,1.64009
3,1.84093
19,2.23972
147,1.66962
7,1.85829
103,1.58082
343,1.20411
287,1.24843
