Label,Value
344,1.21058
396,1.04284
236,1.16778
218,1.06702
286,1.02347
193,1.10776
371,1.17579
139,1.38241
423,1.02169
