Label,Value
344,1.4914
396,1.30544
236,1.65556
218,1.80018
286,1.40456
193,2.05711
371,1.46234
139,1.60505
423,1.09095
