Label,Value
776,1.2104
360,1.16783
634,1.13303
702,1.04143
541,1.06779
467,1.37395
871,1.17076
