Label,Value
776,1.36342
360,1.51742
634,1.52965
702,1.26302
541,1.57135
467,1.65352
871,1.27909
