Label,Value
2400,4.76074
120,8.80518
598,12.0991
1477,0
1013,16.4892
