Label,Value
2400,1.29905
120,1.39675
598,1.32459
1477,1.27751
1013,1.41826
