Label,Value
12,1.65866
426,2.41589
358,1.33336
289,2.1459
141,1.59181
299,1.76179
59,2.16925
