Label,Value
12,11.6632
426,4.11528
358,0
289,7.07532
141,21.7532
299,16.4412
59,27.4072
