Label,Value
1044,1.08539
2686,1.51924
2161,1.26557
3715,1.11135
3115,1.25858
1687,1.28808
