Label,Value
1044,1.34896
2686,2.36068
2161,1.77756
3715,1.14994
3115,2.25117
1687,1.62041
