Label,Value
3768,1.11279
3576,1.05666
4652,2.59083
3580,1.11861
4082,1.10628
4518,1.67371
3934,1.12597
4293,1.44433
4637,2.94381
3639,1.12303
