Label,Value
3768,1.19038
3576,1.29323
4652,3.17334
3580,1.38364
4082,1.41967
4518,1.7697
3934,1.65847
4293,1.5433
4637,3.46584
3639,1.14963
