Label,Value
3656,1.09601
4340,1.14676
3937,1.05379
4057,1.04578
3701,1.02973
4557,2.06464
3659,1.19488
3787,1.20462
4167,1.16167
