Label,Value
3656,1.26539
4340,1.7451
3937,1.56649
4057,1.67487
3701,1.27427
4557,2.48109
3659,1.41345
3787,1.39663
4167,1.47996
