Label,Value
968,1.8573
2536,1.48449
780,2.0355
2300,1.44274
145,2.16768
201,1.82875
