Label,Value
4276,2.14575
2165,1.62782
1123,1.20674
511,1.75087
