Label,Value
4276,2.22126
2165,2.10535
1123,1.60245
511,1.89067
