Label,Value
1840,1.36179
1500,1.1757
1602,1.21722
1186,1.15417
1937,1.42824
1571,1.27046
1611,1.3316
1387,1.06507
2039,1.21208
