Label,Value
1840,30.3604
1500,8.21523
1602,18.2987
1186,0
1937,41.2583
1571,12.924
1611,23.8834
1387,4.58829
2039,37.1272
