Label,Value
1334,1.627
3557,1.32911
1379,1.23998
4435,1.51969
