Label,Value
1334,1.07389
3557,1.0785
1379,1.16934
4435,1.04088
