Label,Value
240,1.3022
18,1.82777
61,1.74417
23,1.83364
151,1.48102
343,1.37731
