Label,Value
240,1.14935
18,1.54869
61,1.24457
23,1.61684
151,1.26317
343,1.16129
