Label,Value
382,1.51603
409,1.36474
213,1.64009
147,1.66962
103,1.58082
343,1.20411
287,1.24843
