Label,Value
382,1.16938
409,1.08816
213,1.13433
147,1.21528
103,1.08492
343,1.12562
287,1.05004
