Label,Value
3768,1.19038
3576,1.29323
3580,1.38364
4082,1.41967
3934,1.65847
3639,1.14963
