Label,Value
3768,1.11279
3576,1.05666
3580,1.11861
4082,1.10628
3934,1.12597
3639,1.12303
